seed,sample,ranking_score
68683103,0,1.0024506244551312
68683103,1,0.9998305078757053
68683103,2,0.996042438202958
68683103,3,1.0039073578566238
68683103,4,0.9994175503899979
